{"states":[{"code":"AP","name":"Andhra Pradesh","cities":["Amaravati","Vijayawada","Visakhapatnam","Guntur","Tirupati","Nellore","Kakinada","Rajahmundry","Anantapur","Kadapa","Eluru","Ongole","Machilipatnam","Chittoor","Srikakulam","Vizianagaram","Proddatur","Tenali","Bhimavaram","Nandyal","Markapur","Adoni","Hindupur","Tadepalligudem","Madanapalle"]},{"code":"AR","name":"Arunachal Pradesh","cities":["Itanagar","Naharlagun","Pasighat","Ziro","Tawang","Bomdila","Aalo","Roing","Tezu","Namsai","Changlang","Yingkiong","Khonsa","Daporijo","Seppa","Anini","Along","Dirang","Mechuka","Longding"]},{"code":"AS","name":"Assam","cities":["Dispur","Guwahati","Silchar","Dibrugarh","Jorhat","Tezpur","Tinsukia","Nagaon","Sivasagar","Karimganj","Hailakandi","Diphu","North Lakhimpur","Goalpara","Barpeta","Kokrajhar","Bongaigaon","Dhubri","Golaghat","Haflong","Majuli","Morigaon"]},{"code":"BR","name":"Bihar","cities":["Patna","Gaya","Bhagalpur","Muzaffarpur","Darbhanga","Purnia","Ara","Begusarai","Katihar","Munger","Chapra","Samastipur","Saharsa","Nalanda","Siwan","Motihari","Bettiah","Sitamarhi","Jehanabad","Lakhisarai","Sheikhpura","Buxar","Khagaria","Araria"]},{"code":"CT","name":"Chhattisgarh","cities":["Raipur","Bhilai","Durg","Bilaspur","Korba","Rajnandgaon","Jagdalpur","Raigarh","Ambikapur","Dhamtari","Kanker","Mahasamund","Kawardha","Dongargarh","Chirmiri","Manendragarh","Surajpur","Baloda Bazar","Janakpur","Jashpur"]},{"code":"GA","name":"Goa","cities":["Panaji","Margao","Vasco da Gama","Mapusa","Ponda","Canacona","Curchorem","Bicholim","Valpoi","Quepem","Sankhali","Cuncolim","Sanguem"]},{"code":"GJ","name":"Gujarat","cities":["Gandhinagar","Ahmedabad","Surat","Vadodara","Rajkot","Bhavnagar","Jamnagar","Junagadh","Morbi","Anand","Nadiad","Navsari","Valsad","Vapi","Gandhidham","Bharuch","Godhra","Porbandar","Surendranagar","Amreli","Dahod","Patan","Mehsana","Palanpur","Botad"]},{"code":"HR","name":"Haryana","cities":["Chandigarh","Gurugram","Faridabad","Panipat","Ambala","Hisar","Karnal","Rohtak","Sonipat","Panchkula","Yamunanagar","Sirsa","Kurukshetra","Jind","Kaithal","Bhiwani","Rewari","Mahendragarh","Palwal","Fatehabad"]},{"code":"HP","name":"Himachal Pradesh","cities":["Shimla","Mandi","Dharamshala","Solan","Kullu","Bilaspur","Hamirpur","Una","Kangra","Chamba","Dalhousie","Palampur","Nahan","Kinnaur","Keylong"]},{"code":"JH","name":"Jharkhand","cities":["Ranchi","Jamshedpur","Dhanbad","Bokaro Steel City","Hazaribagh","Giridih","Deoghar","Phusro","Ramgarh","Chirkunda","Chaibasa","Palamu","Koderma","Dumka","Jhumri Telaiya","Chatra","Gumia","Sahibganj"]},{"code":"KA","name":"Karnataka","cities":["Bengaluru","Mysuru","Mangaluru","Hubballi","Belagavi","Dharwad","Kalaburagi","Ballari","Tumakuru","Shivamogga","Davangere","Raichur","Hassan","Bidar","Udupi","Chitradurga","Karwar","Kolar","Mandya","Bagalkot","Chikkamagaluru","Ramanagara","Gadag","Yadgir","Vijayapura"]},{"code":"KL","name":"Kerala","cities":["Thiruvananthapuram","Kochi","Kozhikode","Kollam","Thrissur","Alappuzha","Palakkad","Kannur","Malappuram","Kottayam","Pathanamthitta","Idukki","Kalpetta","Kasargod","Manjeri","Muvattupuzha","Nedumangad","Perinthalmanna","Changanassery","Ponnani"]},{"code":"MP","name":"Madhya Pradesh","cities":["Bhopal","Indore","Jabalpur","Gwalior","Ujjain","Sagar","Satna","Rewa","Ratlam","Dewas","Chhindwara","Burhanpur","Khandwa","Damoh","Shivpuri","Vidisha","Sehore","Mandsaur","Neemuch","Seoni","Balaghat","Singrauli","Betul"]},{"code":"MH","name":"Maharashtra","cities":["Mumbai","Pune","Nagpur","Nashik","Aurangabad","Solapur","Kolhapur","Amravati","Nanded","Jalgaon","Akola","Latur","Sangli","Chandrapur","Ahmednagar","Dhule","Parbhani","Satara","Wardha","Beed","Ratnagiri","Buldhana","Yavatmal","Gondia","Osmanabad"]},{"code":"MN","name":"Manipur","cities":["Imphal","Thoubal","Bishnupur","Ukhrul","Senapati","Churachandpur","Tamenglong","Jiribam","Kakching","Moreh","Kangpokpi"]},{"code":"ML","name":"Meghalaya","cities":["Shillong","Tura","Jowai","Nongpoh","Williamnagar","Baghmara","Resubelpara","Mawkyrwat"]},{"code":"MZ","name":"Mizoram","cities":["Aizawl","Lunglei","Champhai","Serchhip","Kolasib","Saiha","Mamit","Lawngtlai"]},{"code":"NL","name":"Nagaland","cities":["Kohima","Dimapur","Mokokchung","Wokha","Zunheboto","Tuensang","Mon","Phek","Kiphire","Longleng"]},{"code":"OR","name":"Odisha","cities":["Bhubaneswar","Cuttack","Rourkela","Berhampur","Sambalpur","Balasore","Baripada","Bhadrak","Puri","Jeypore","Kendrapara","Jharsuguda","Angul","Dhenkanal","Rayagada","Kalahandi","Nabarangpur"]},{"code":"PB","name":"Punjab","cities":["Chandigarh","Amritsar","Ludhiana","Jalandhar","Patiala","Bathinda","Mohali","Hoshiarpur","Pathankot","Moga","Firozpur","Kapurthala","Barnala","Sangrur","Faridkot","Mansa"]},{"code":"RJ","name":"Rajasthan","cities":["Jaipur","Jodhpur","Udaipur","Kota","Ajmer","Bikaner","Alwar","Bharatpur","Sikar","Pali","Sri Ganganagar","Jhunjhunu","Chittorgarh","Nagaur","Barmer","Bhilwara","Hanumangarh","Dausa","Sawai Madhopur","Tonk","Jaisalmer","Dholpur","Bundi","Kishangarh"]},{"code":"SK","name":"Sikkim","cities":["Gangtok","Namchi","Mangan","Gyalshing","Rangpo","Singtam","Jorethang"]},{"code":"TN","name":"Tamil Nadu","cities":["Chennai","Coimbatore","Madurai","Tiruchirappalli","Salem","Tirunelveli","Erode","Vellore","Thoothukudi","Dindigul","Thanjavur","Ranipet","Karur","Kanchipuram","Cuddalore","Nagapattinam","Krishnagiri","Tiruvannamalai","Sivakasi","Nagercoil","Kumbakonam","Rajapalayam","Namakkal","Villupuram"]},{"code":"TS","name":"Telangana","cities":["Hyderabad","Warangal","Nizamabad","Karimnagar","Khammam","Ramagundam","Mahbubnagar","Nalgonda","Adilabad","Siddipet","Miryalaguda","Jagtial","Mancherial","Kamareddy","Bodhan","Kothagudem","Medak","Zaheerabad"]},{"code":"TR","name":"Tripura","cities":["Agartala","Udaipur","Dharmanagar","Kailasahar","Belonia","Ambassa","Khowai","Sonamura","Teliamura"]},{"code":"UP","name":"Uttar Pradesh","cities":["Lucknow","Kanpur","Varanasi","Allahabad (Prayagraj)","Agra","Noida","Ghaziabad","Meerut","Aligarh","Moradabad","Bareilly","Gorakhpur","Saharanpur","Faizabad (Ayodhya)","Firozabad","Jhansi","Mathura","Muzaffarnagar","Shahjahanpur","Rampur","Sitapur","Etawah","Ballia","Basti","Hardoi"]},{"code":"UK","name":"Uttarakhand","cities":["Dehradun","Haridwar","Rishikesh","Roorkee","Haldwani","Kashipur","Rudrapur","Nainital","Almora","Pithoragarh","Tehri","Chamoli","Bageshwar","Champawat","Uttarkashi"]},{"code":"WB","name":"West Bengal","cities":["Kolkata","Howrah","Durgapur","Asansol","Siliguri","Malda","Kharagpur","Haldia","Jalpaiguri","Balurghat","Cooch Behar","Bardhaman","Bankura","Medinipur","Raiganj","Krishnanagar","Baharampur","Alipurduar","Serampore","Chandannagar"]},{"code":"AN","name":"Andaman and Nicobar Islands","cities":["Port Blair","Car Nicobar","Havelock Island","Diglipur","Mayabunder","Rangat","Neil Island"]},{"code":"CH","name":"Chandigarh","cities":["Chandigarh"]},{"code":"DN","name":"Dadra and Nagar Haveli and Daman and Diu","cities":["Silvassa","Daman","Diu","Naroli","Amli","Dadra"]},{"code":"DL","name":"Delhi (NCT)","cities":["New Delhi","Dwarka","Rohini","Karol Bagh","Saket","Connaught Place","Janakpuri","Laxmi Nagar","Shahdara"]},{"code":"JK","name":"Jammu and Kashmir","cities":["Srinagar","Jammu","Anantnag","Baramulla","Udhampur","Kupwara","Kathua","Pulwama","Rajouri","Poonch","Kulgam","Budgam","Doda","Ganderbal","Shopian"]},{"code":"LA","name":"Ladakh","cities":["Leh","Kargil","Diskit","Nubra","Drass","Zanskar"]},{"code":"LD","name":"Lakshadweep","cities":["Kavaratti","Agatti","Minicoy","Amini","Andrott","Kalpeni","Kadmat","Bitra","Chetlat"]},{"code":"PY","name":"Puducherry","cities":["Puducherry","Karaikal","Mahe","Yanam"]}]}